140 Proof,"77 De Boom St, San Francisco, CA 94107",37.7822601,-122.392125,2009,https://www.140proof.com/,
2600Hz,"140 Geary St, San Francisco, CA 94108",37.7879349,-122.4050295,2010,https://www.2600hz.com,
3scale,"450 Townsend St #204, San Francisco, CA 94107",37.7746341,-122.3986416,2007,https://www.3scale.net/,
8tracks,"51 Sharon St, San Francisco, CA 94114",37.7652268,-122.4297558,2008,https://8tracks.com/,
Abl Schools,San Francisco,37.7749295,-122.4194155,2015,https://ablschools.com/,careers@ablschools.com
Abstract,"2567 Mission Street, San Francisco,  CA  94110 ",37.7560341,-122.4185924,2015,https://www.goabstract.com/,info@goabstract.com
Accenture,"560 Mission St #1200, San Francisco, CA 94105",37.7886963,-122.399372,1989,https://www.accenture.com,
Admitsee,"600 California St., 11/F, San Francisco, CA 94109",37.7929546,-122.4047939,2014,https://www.admitsee.com,info@admitsee.com
Adobe,"601 Townsend St, San Francisco, CA 94103",37.7712057,-122.4016624,1982,http://www.adobe.com/,
AdStage,"461 Bush St 4th Floor, San Francisco, CA 94108",37.7903654,-122.4051181,2012,https://www.adstage.io/,
Advent Software,"600 Townsend St, San Francisco, CA 94103",37.7717038,-122.4026339,1983,https://www.advent.com/,
Adyen,"274 Brannan St #600, San Francisco, CA 94107",37.7826083,-122.3917718,2006,https://www.adyen.com/,
Affirm,"650 California St, San Francisco, CA 94108",37.7929116,-122.4052114,2012,https://www.affirm.com,
After College,"98 Battery St # 502, San Francisco, CA 94111",37.792085,-122.399368,1999,https://www.aftercollege.com/,
Airbnb,"999 Brannan St, San Francisco, CA 94103",37.7701381,-122.4063532,2008,https://www.airbnb.com/,
Airware,"343 Sansome St #600, San Francisco, CA 94104",37.7936972,-122.4017308,2011,https://www.airware.com/,
AKQA,"360 Third St, San Francisco, CA 94107",37.7827069,-122.398354,1994,http://www.akqa.com/,
Aktana,"207 Powell St #800, San Francisco, CA 94102",37.786667,-122.4083398,2011,https://www.aktana.com/,
Algolia,"589 Howard St, San Francisco, CA 94105",37.7869105,-122.3976788,2012,https://www.algolia.com/,
Alpha Sense,"One Sansome St Suite 3500, San Francisco, CA 94104",37.7904356,-122.4012663,2010,https://www.alpha-sense.com/,
AltSchool,"1245 Folsom St, San Francisco, CA 94103",37.7741888,-122.4104789,2013,https://www.altschool.com/,
Always Hired,"795 Folsom St, San Francisco, CA 94103",37.7821435,-122.4004926,2015,http://www.alwayshired.com/,
Amazon Web Services,"475 Sansome St, San Francisco, California 94111",37.7945733,-122.4019403,2006,https://www.amazon.jobs/en,
Amplitude Analytics,"501 2nd St #100, San Francisco, CA 94107",37.7831809,-122.392966,2012,https://amplitude.com/,
AngelList,"90 Gold St, San Francisco, CA 94133",37.79679,-122.4033805,2010,https://angel.co/,
AppDirect,"650 California Street, San Francisco, CA 94108",37.7929116,-122.4052114,2009,https://www.appdirect.com/,
Apptimize,"330 Townsend St Suite 234, San Francisco, CA 94107",37.77686,-122.3961078,2013,https://apptimize.com/,
Apteligent ,"760 Market St #1101, San Francisco, CA 94102",37.7865285,-122.4053854,2011,http://www.apteligent.com/ ,
Asana,"1550 Bryant St #800, San Francisco, CA 94103",37.7675345,-122.4111829,2008,https://asana.com,
Asana,"1550 Bryant St #800, San Francisco, CA 94103",37.7675345,-122.4111829,2008,https://asana.com/,
Automattic,San Francisco,37.7749295,-122.4194155,2005,https://automattic.com/,
Avenue Code,"26 OFarrell St, San Francisco, CA 94108",37.7869368,-122.4055448,2008,https://www.avenuecode.com/,
Bebo,"387 Tehama St, San Francisco, CA 94103",37.7812743,-122.4038945,2005,https://bebo.com/,
BetterUp,"267 8th St, San Francisco, CA 94103",37.7757411,-122.4105148,2013,https://www.betterup.co/,
Beyond Games,"655 Montgomery St, San Francisco, CA 94111",37.7952457,-122.4035231,2013,https://www.beyondgames.co/,
BigCommerce,"685 Market St, San Francisco, CA 94105",37.7877948,-122.4029056,2009,https://www.bigcommerce.com,
Binti,"3951 18th Street, San Francisco, CA 94114",37.760926,-122.4317055,2014,https://binti.com/,
Bitnami,"650 Mission St, San Francisco, CA 94105",37.7872746,-122.4011265,2011,https://bitnami.com/,
Bitnami,"650 Mission St, San Francisco, CA 94105",37.7872746,-122.4011265,2011,https://bitnami.com/,
blend labs,"100 Montgomery St Floor 25, San Francisco, CA 94104",37.7903775,-122.4018618,2012,https://blend.com/,
Bloc,"110 Sutter St, San Francisco, CA 94104",37.7902183,-122.4027228,2011,https://www.bloc.io/,
BloomThat,"1409 Minnesota St, San Francisco, CA 94107",37.7518241,-122.3893622,2013,https://www.bloomthat.com/,
Blurb,"580 California St # 300, San Francisco, CA 94104",37.7929816,-122.4041434,2005,http://www.blurb.com/,
Bradfield School of Computer Science,"576 Natoma St, San Francisco, CA 94103",37.7789741,-122.4095552,2015,https://bradfieldcs.com/,
Braintree,"123 Townsend St, San Francisco, CA 94107",37.7798403,-122.3906374,2007,https://www.braintreepayments.com/,
Brigade,"524 3rd St, San Francisco, CA 94107",37.7808637,-122.3954939,2014,http://www.brigade.com/,
BrightBytes,"490 2nd Street Suite 302, San Francisco, CA 94107",37.783046,-122.394067,2012,http://www.brightbytes.net/,
Brightpearl,"625 Market St, San Francisco, CA 94105",37.7886528,-122.4016796,2007,https://www.brightpearl.com/,
Bugcrowd,"921 Front St #100, San Francisco, CA 94111",37.799885,-122.4004793,2012,https://www.bugcrowd.com/,
Bugsnag,"939 Harrison St, San Francisco, CA 94107",37.778197,-122.4025197,2012,https://www.bugsnag.com/,
BuildZoom,"301 Howard St #1410, San Francisco, CA 94105",37.7895269,-122.3942764,2012,https://www.buildzoom.com/,
Campsyte,"7 Freelon St, San Francisco, CA 94107",37.779515,-122.396102,2014,https://www.campsyte.com/,
Capgemini Applied Innovation Exchange,"425 Brannan St, San Francisco, CA 94107",37.7793521,-122.394737,1967,https://www.capgemini.com/service/transformation-innovation/applied-innovation-exchange/,
Capital One,"201 3rd St, San Francisco, CA 94103",37.7850675,-122.3998681,1994,https://www.capitalone.com/,
Castle,"60 Rausch St #205, San Francisco, CA 94103",37.7761423,-122.4096951,2014,https://castle.io/,
Castle Global,"255 California St, San Francisco, CA 94111",37.7929636,-122.3995981,2013,http://castleglobal.com/,
CBS Interactive,"235 2nd St, San Francisco, CA 94105",37.7865115,-122.3970376,1992,https://www.cbsinteractive.com/,
Chartboost,"85 2nd St, San Francisco, CA 94105",37.78844,-122.3998545,2011,https://www.chartboost.com/,
Chartboost,"85 2nd St, San Francisco, CA 94105",37.78844,-122.3998545,2011,https://www.chartboost.com/,
Chartio,"222 Kearny St #525, San Francisco, CA 94108",37.7902093,-122.4034991,2010,https://chartio.com/,
Checkr,"2505 Mariposa St, San Francisco, CA 94110",37.7629051,-122.4087252,2014,https://checkr.com/,
Chewse,"1252 Howard St, San Francisco, CA 94103",37.7757238,-122.4127071,2011,https://www.chewse.com/,
Chime Bank,San Francisco,37.7749295,-122.4194155,2013,https://www.chimebank.com/,
Circle Medical,"431 Jessie Street, San Francisco, CA, 94103",37.7821409,-122.4080979,2015,https://www.circlemedical.com/,
Clara Lending,"222 Sutter St, San Francisco, CA 94108",37.7900319,-122.404488,2014,https://clara.com/,
Clearbit,"601 4th Street Suite #310, San Francisco, CA 94107",37.7780346,-122.3961662,2014,https://clearbit.com,
ClearMetal,"225 Bush St, San Francisco, CA 94104",37.7908821,-122.401552,2014,http://www.clearmetal.com/,
Clever,"1263 Mission St, San Francisco CA 94103",37.776408,-122.413882,2012,https://clever.com/,
ClickUp,"580 Howard St Unit 101, San Francisco, CA 94105",37.7872576,-122.3980628,2016,https://clickup.com/,
Climate Corporation,"201 3rd St #1100, San Francisco, CA 94103",37.7850675,-122.3998681,2006,https://climate.com/,
Cloud4Wi,"363 Clementina St, San Francisco, CA 94103",37.7812785,-122.4029443,2002,https://cloud4wi.com/,
Cloudflare,"101 Townsend St, San Francisco, CA 94107",37.7802226,-122.3905874,2009,https://www.cloudflare.com/,
Clover Health,"22 4th St 6th floor, San Francisco, CA 94103",37.7848142,-122.4056141,2013,https://www.cloverhealth.com/en/,
Coffee Meets Bagel,"111 Ellis St, San Francisco, CA 94105",37.7853325,-122.4081468,2011,https://coffeemeetsbagel.com/,
Coinbase,"548 Market St #23008, San Francisco, CA 94104",37.7900286,-122.4008398,2012,https://www.coinbase.com,
Collective Health,"85 Bluxome St, San Francisco, CA 94107",37.776105,-122.397302,2013,https://collectivehealth.com/,
Creative Market,"Pier 9 The Embarcadero, San Francisco, CA 94111",37.8005386,-122.3969659,2011,https://creativemarket.com/,
Cricket Health,"540 Howard St 2nd Floor, San Francisco, CA 94105",37.787956,-122.3972472,2014,https://crickethealth.com/,
Crowdcast,"221 Kearny St # 3, San Francisco, CA 94108",37.790169,-122.4041712,2015,https://www.crowdcast.io,
CrowdFlower,"2111 Mission St #302, San Francisco, CA 94110",37.7630374,-122.419242,2008,https://www.crowdflower.com/,
Crowdflower,"940 Howard St, San Francisco, CA 94103",37.7808793,-122.4062426,2007,https://www.crowdflower.com/,
Crunchyroll,"835 Market St, San Francisco, CA 94103",37.7835346,-122.4068553,2008,http://www.crunchyroll.com/,
Culture Amp,"660 Market St #500, San Francisco, CA 94104",37.7883067,-122.402957,2011,https://www.cultureamp.com/,
DataFox,"835 Howard St, San Francisco, CA 94103",37.7824931,-122.4033642,2013,https://www.datafox.com/,
Delivery Agent,"300 California St # 3, San Francisco, CA 94104",37.7934517,-122.4003545,2001,http://www.deliveryagent.com/,
Demandbase,"680 Folsom St #400, San Francisco, CA 94107",37.7845584,-122.3985641,2006,https://www.demandbase.com/,
Digitalist Global,"128 Spear St, San Francisco, CA 94105",37.7919084,-122.3938519,1994,https://digitalist.global/,
Disqus,"301 Howard St, San Francisco, CA 94105",37.7895269,-122.3942764,2007,https://disqus.com/,
Docker,"144 Townsend St, San Francisco, CA 94107",37.7801509,-122.391987,2010,https://www.docker.com/,
Docusign,"221 Main St #1000, San Francisco, CA 94105",37.7903443,-122.392177,2003,https://www.docusign.com/,
DroneDeploy,"1045 Bryant St, San Francisco, CA 94103",37.7717934,-122.4074,2013,https://www.dronedeploy.com/,
Dropbox,"333 Brannan St, San Francisco, CA 94107",37.780811,-122.3924944,2007,https://www.dropbox.com,
Duncan Channon,"114 Sansome St, San Francisco, CA 94104",37.7914805,-122.400593,1990,http://www.duncanchannon.com/,
Earnest,"1455 Market Street 18th Floor, San Francisco, CA 94103",37.7752278,-122.4175626,2013,https://www.earnest.com/,
Easypost,"417 Montgomery St, San Francisco, CA 94104",37.7933978,-122.4032279,2012,https://www.easypost.com,
Eat Club,"75 Columbia Square, San Francisco, CA 94103",37.77714,-122.405153,2010,https://www.eatclub.com/,
Eatsa,San Francisco,37.7749295,-122.4194155,2015,https://www.eatsa.com/,
Eero,"500 Howard St #900, San Francisco, CA 94105",37.7884892,-122.3967349,2015,https://eero.com/,
eero,"500 Howard St #900, San Francisco, CA 94105",37.7884892,-122.3967349,2015,https://eero.com/,
Elastic.co,"301 Howard St. Suite 1320, San Francisco, CA 94105",37.7895408,-122.394228,2012,https://www.elastic.co/,
Elegant Themes,"1233 Howard St 3A, San Francisco, CA 94103",37.7756237,-122.4117813,,https://www.elegantthemes.com/,
enSilo,"182 Second Street Suite 210, San Francisco, CA 94105",37.7869068,-122.3986579,2014,https://www.ensilo.com/,
Entelo,"123 Mission St #2400, San Francisco, CA 94105",37.7918328,-122.3944315,2011,https://www.entelo.com/,
Envoy,"488 Bryant St, San Francisco, CA 94107",37.7817523,-122.3957053,2013,https://envoy.com/,
Eventbrite,"155 5th St, San Francisco, CA 94103",37.7823802,-122.4052253,2006,https://www.eventbrite.com,
Expensify,"88 Kearny St, San Francisco, CA 94108",37.788693,-122.403332,2008,https://use.expensify.com/,
Extole,"350 Sansome St #700, San Francisco, CA 94104",37.7938121,-122.400951,2007,https://www.extole.com/,
Fin,"350 Sansome Street Floor 9, San Francisco, CA 94104",37.7938121,-122.400951,2015,https://www.fin.com/,
FitBit,"199 Fremont St, San Francisco, CA 94105",37.7898733,-122.3947812,2007,https://www.fitbit.com/home,
Flexport,"760 Market St, San Francisco, CA 94102",37.7865285,-122.4053854,2013,https://www.flexport.com/,
Fond,"33 New Montgomery St #700, San Francisco, CA 94105",37.7885853,-122.4012726,2012,https://fond.co/,
Forkable,San Francisco,37.7749295,-122.4194155,2013,https://forkable.com/,
Forward,"180 Sutter St, San Francisco, CA 94104",37.7900385,-122.4036451,2016,https://goforward.com/,
Fossa,"845 Market St Suite #450A, San Francisco, CA 94103",37.78451,-122.4067089,2014,https://www.fossa.io/,
Fundbox,"300 Montgomery St, San Francisco, CA 94104",37.7924422,-122.402219,2012,https://fundbox.com/,
FundersClub,2325 3rd St. San Francisco CA 94107,37.760272,-122.3880977,2012,https://fundersclub.com/,
Galvanize,"44 Tehama St, San Francisco, CA 94105",37.7876012,-122.3966428,2012,https://www.galvanize.com/san-francisco,
General Assembly ,"225 Bush St, San Francisco, CA 94104",37.7908821,-122.401552,2011,https://generalassemb.ly/locations/san-francisco,
Getaround,"1177 Harrison St, San Francisco, CA 94103",37.7741302,-122.4076599,2009,https://www.getaround.com/,
Gigster,"500 3rd St #245, San Francisco, CA 94107",37.7808405,-122.39582,2013,https://gigster.com/,
Givecampus,San Francisco,37.7749295,-122.4194155,2014,https://www.givecampus.com/,
Glu Mobile,"875 Howard St, San Francisco, CA 94105",37.7818335,-122.4039859,2001,https://www.glu.com/,
GoDaddy,"560 Sutter St Suite 300, San Francisco, CA 94102",37.7893707,-122.4096489,1997,https://www.godaddy.com,
Goodby Silverstein & Partners,"720 California Street, San Francisco, CA 94108",37.7926643,-122.4065413,1983,https://goodbysilverstein.com/,
Gorgias,"768 Harrison St, San Francisco, CA 94107",37.7815219,-122.3991559,2015,https://gorgias.io/,
Grand Junction,"250 Montgomery St, San Francisco, CA 94104",37.7916899,-122.4023125,2013,http://www.grandjunctioninc.com/,
Groove Labs,"333 Bryant St, San Francisco, CA 94107",37.7838356,-122.3920731,2013,http://www.groove.co/,
Grovo,"300 Montgomery St #1130, San Francisco, CA 94104",37.7924029,-122.4024972,2010,https://www.grovo.com/,
GrowthX,"44 Tehama St, San Francisco, CA 94105",37.7876012,-122.3966428,2015,https://growthx.com/,
Gumroad,"225 Valencia St a, San Francisco, CA 94103",37.7694496,-122.4220504,2011,https://gumroad.com/,
Gusto,"500 Third St, Suite 405, San Francisco, CA 94107",37.7808405,-122.39582,2011,https://gusto.com/,
Gymboree Group,"71 Stevenson St #2200, San Francisco, CA 94105",37.7892727,-122.3995828,1976,https://www.gymboree.com/about-gymboree.html,
Hack Reactor,"944 Market Street 8th Floor, San Francisco, CA 94102",37.7836966,-122.4089664,2012,https://www.hackreactor.com/,
Hammerhead,San Francisco,37.7749295,-122.4194155,2013,https://www.hammerhead.io/,
Haven,"25 Kearny St. Suite 304, San Francisco, CA 94108",37.7882637,-122.4037135,2014,https://haveninc.com/,
Heap ,"460 Bryant Street, 3rd floor, San Francisco, CA 94107",37.7822101,-122.3952986,2013,https://heapanalytics.com/,
HelloSign,"301 Howard St, San Francisco, CA 94105",37.7895269,-122.3942764,2011,https://www.hellosign.com/,
Helpshift,"100 Bush St #950, San Francisco, CA 94104",37.7914786,-122.3999468,2011,https://www.helpshift.com/,
Hired,"303 2nd St #600, San Francisco, CA 94103",37.7852332,-122.3956934,2012,https://hired.com/,
Holberton School,"98 Battery Street #402, San Francisco, CA 94111",37.792085,-122.399368,2015,https://www.holbertonschool.com/,
Honeybook,"539 Bryant St, San Francisco, CA 94107",37.7802429,-122.3966842,2013,https://www.honeybook.com/,
Hoodline,"2419 Harrison St., Ste. 300, San Francisco, CA 94110",37.7583352,-122.412322,2010,https://hoodline.com,
Horizons School of Technology,"450 9th St, San Francisco, CA 94103",37.7715813,-122.4096056,2015,https://www.joinhorizons.com/,
Hornblower Cruises,"Pier 3 The Embarcadero, San Francisco, CA 94111",37.7980305,-122.394973,1980,https://www.hornblower.com/,
HotelTonight,"901 Market St #310, San Francisco, CA 94103",37.7834364,-122.4080376,2010,https://www.hoteltonight.com/,
HotPads,"535 Mission Street Suite 700, San Francisco, CA 94105",37.7888898,-122.3980914,2005,https://hotpads.com/,
HotSchedules,"555 Mission Street Ste. 3350, San Francisco, CA 94105",37.7885644,-122.3985351,1999,https://www.hotschedules.com,
Hustle Inc,"251 Kearny St #300, San Francisco, CA 94108",37.7905039,-122.4042317,2014,https://hustle.com/,
iCrossing,"550 Kearny Street 4th Floor, San Francisco, CA 94108",37.7932696,-122.4043477,1998,http://www.icrossing.com/,
Ideo,"501 The Embarcadero Pier 28 Annex, San Francisco, CA 94105",37.788464,-122.3873572,1978,https://www.ideo.com/,
IGN Entertainment,"625 2nd St, San Francisco, CA 94107",37.7816955,-122.3910597,1996,http://corp.ign.com/,
Imgur,"415 Jackson St #200, San Francisco, CA 94111",37.7963187,-122.4023469,2009,https://imgurinc.com,
Indiegogo,"965 Mission St, San Francisco, CA 94103",37.7814089,-122.4075924,2008,https://www.indiegogo.com/en,
inDinero,"50 Osgood Pl #220, San Francisco, CA 94133",37.7980248,-122.4029391,2009,https://www.indinero.com/,
Insacart,San Francisco,37.7749295,-122.4194155,2012,https://www.instacart.com/,
insightly,"680 Folsom St #550, San Francisco, CA 94107",37.7845584,-122.3985641,2009,https://www.insightly.com/,
Intercom,"55 2nd St, San Francisco, CA 94105",37.7888063,-122.4003129,2011,https://www.intercom.com,
interviewing.io,"427 Bryant St, San Francisco, CA 94107",37.7823986,-122.394087,2015,https://interviewing.io/,
Invitae,"1400 16th St, San Francisco, CA 94103",37.7668295,-122.4013093,2010,https://www.invitae.com/en/,
Iris Automation,"2 Shotwell St, San Francisco, CA 94103",37.7683516,-122.4168901,2015,https://www.irisonboard.com/,
Joy,San Francisco,37.7749295,-122.4194155,2015,https://withjoy.com/,
Joyent,"655 Montgomery St #1600, San Francisco, CA 94111",37.7952457,-122.4035231,2004,https://www.joyent.com,
Jumpshot,"329 Bryant St. Suite 3C, San Francisco, CA 94107",37.7841097,-122.3917269,2014,https://www.jumpshot.com/,
June Oven,"649 Front Street, San Francisco, CA 94111",37.7975117,-122.399816,2013,https://juneoven.com/,
Kentik,"625 2nd Street Suite 100, San Francisco, CA 94107",37.7816955,-122.3910597,2014,https://www.kentik.com,
Kiip,"970 Folsom St, San Francisco, CA 94107",37.779299,-122.4050258,2010,http://www.kiip.me/,
Kissmetrics,"847 Sansome St Lower Level, San Francisco, CA 94111",37.7980279,-122.4025102,2008,https://www.kissmetrics.com/home/,
KittyHawk,San Francisco,37.7749295,-122.4194155,2015,https://kittyhawk.io/,
Knotel,"972 Mission St, San Francisco, CA 94103",37.7817028,-122.4084091,2015,https://knotel.com/,
KPCB,"101 S Park St, San Francisco, CA 94107",37.7812774,-122.3937412,1972,http://www.kpcb.com/,
Landor,"1001 Front St, San Francisco, CA 94111",37.8009119,-122.4005729,1941,https://landor.com/,
Lattice,"580 Howard St #102, San Francisco, CA 94105",37.7872576,-122.3980628,2015,https://lattice.com/,
Layer,"655 4th Street, San Francisco, CA 94107",37.7777394,-122.3954409,2013,https://layer.com/,
Leadspace,"47 Kearny St. Suite 600, San Francisco CA 94108",37.788505,-122.4038838,2007,https://www.leadspace.com/,
Leanplum,"1550 Bryant St, San Francisco, CA 94103",37.7675345,-122.4111829,2012,https://www.leanplum.com/,
Leap Motion,"321 11th St, San Francisco, CA 94103",37.7717167,-122.4135509,2010,https://www.leapmotion.com/,
LendingHome,"1 California St, San Francisco, CA 94111",37.7932571,-122.3972152,2013,https://www.lendinghome.com/,
Lever,"989 Market St #450, San Francisco, CA 94103",37.7822916,-122.4095458,2012,https://www.lever.co/ ,
Liftopia,"1061 Market St. Floor 4, San Francisco, CA 94103",37.7809191,-122.4113985,2005,https://about.liftopia.com/index.html,
Lightbend,"625 Market St Suite 1000, San Francisco, CA 94105",37.7886528,-122.4016796,2011,http://www.lightbend.com/,
Linqia,"77 Maiden Ln, San Francisco, CA 94108",37.7881761,-122.4046821,2012,http://www.linqia.com/,
Literably,"364 Utah St, San Francisco, CA 94103",37.764963,-122.4065812,2013,https://literably.com,
Lithium Technologies,"225 Bush St, San Francisco, CA 94104",37.790841,-122.4012802,2001,https://www.lithium.com/,
Lob,"185 Berry St #6600, San Francisco, CA 94107",37.776503,-122.3920385,2013,https://lob.com/,
Logikcull,"330 Townsend Street Suite 335, San Francisco, CA 94107 ",37.77686,-122.3961078,2004,http://logikcull.com/,
Looker,"1157 Harrison St, San Francisco, CA 94103",37.774367,-122.4074045,2011,https://looker.com/,
Lyft,"185 Berry St, San Francisco, CA 94107",37.776503,-122.3920385,2012,https://www.lyft.com/,
Macy's,"680 Folsom St, San Francisco, CA 94107",37.7845584,-122.3985641,1858,https://www.macys.com/,
Mailgun,"620 Folsom St # 100, San Francisco, CA 94107",37.7852686,-122.3975759,2009,https://www.mailgun.com/,
Mapbox,"85 2nd Street 3rd floor, San Francisco, CA 94105",37.78844,-122.3998545,2010,http://www.mapbox.com/,
Mashery (acquired),"575 Market St, San Francisco, CA 94105",37.7895508,-122.4003129,2006,https://www.mashery.com/,
Massdrop,San Francisco,37.7749295,-122.4194155,2012,https://www.massdrop.com,
Mattermark,"535 Mission St Suite 2018, San Francisco, CA 94105",37.7888898,-122.3980914,2012,https://mattermark.com/,
McKesson ,"1 Post St, San Francisco, CA 94104",37.7887655,-122.4027468,1833,http://www.mckesson.com/,
Medium,"799 Market St (4th St), San Francisco, CA 94102",37.776318,-122.3938476,2011,https://medium.com/,
Medrio,"345 California St #325, San Francisco, CA 94104",37.7926185,-122.4004241,2005,http://medrio.com/,
MemSQL,"534 Fourth Street, San Francisco, CA 94107",37.7787439,-122.3976728,2011,http://www.memsql.com/,
Mende Design,"1211 Folsom St, San Francisco, CA 94103",37.7747102,-122.4100898,2008,http://mendedesign.com/,
Mesosphere,"88 Stevenson St, San Francisco, CA 94105",37.789422,-122.4005472,2013,https://mesosphere.com/,
Method Inc.,"585 Howard St, San Francisco, CA 94105",37.7869078,-122.3974832,1999,http://www.method.com/,
Metric Insights,"123 10th St, San Francisco, CA 94103",37.7751043,-122.4152747,2010,http://www.metricinsights.com/,
Metromile,"690 Folsom St Suite 200, San Francisco, CA 94107",37.7842107,-122.3989867,2011,https://www.metromile.com/,
Microsoft,"1355 Market St, San Francisco, CA 94103",37.7767687,-122.4166164,1974,https://www.microsoft.com/en-us/,
MissionU,"466 Geary St Suite 401, San Francisco, CA 94102",37.787278,-122.4109238,2016,https://www.missionu.com/,
MixMax Inc,"512 2nd St, San Francisco, CA 94107",37.7827092,-122.3935642,2014,https://mixmax.com/,
Mixpanel,"405 Howard St, San Francisco, CA 94105",37.7885335,-122.3950688,2009,https://mixpanel.com/,
Monkey Inferno,"387 Tehama St, San Francisco, CA 94103",37.7812743,-122.4038945,2010,http://monkeyinferno.com/,
MoogSoft,"1265 Battery St, San Francisco, CA 94111",37.8028957,-122.4022539,2011,https://www.moogsoft.com/,
MoveWith,"590 Howard St, San Francisco, CA 94105",37.7871705,-122.3981382,2015,https://www.movewith.com/,
Mux,"1182 Market St. Suite 425, San Francisco, CA 94102",37.7792245,-122.414381,2015,https://mux.com/,
Namely Inc,"575 Market St, San Francisco, CA 94105",37.7895508,-122.4003129,2012,https://www.namely.com/,
Narvar,"633 Folsom St #200, San Francisco, CA 94107",37.7845469,-122.3972152,2012,https://corp.narvar.com/,
Navdy,"575 7th St, San Francisco, CA 94103",37.7735035,-122.4033941,2013,https://www.navdy.com/#see-the-road,
Naytev,"322 6th Street Suite 13, San Francisco, CA 94103",37.77795,-122.4054166,2014,https://www.naytev.com/,
NepFin,"600 Montgomery St Suite 260, San Francisco, CA 94111",37.7951844,-122.4027639,2017,https://www.nepfin.com/,
New Relic,"188 Spear St, San Francisco, CA 94105",37.7914448,-122.3929672,2008,https://newrelic.com,
No Means No Worldwide,"921 Front St #204, San Francisco, CA 94111",37.799885,-122.4004793,2006,https://www.nomeansnoworldwide.org/,
NoRedInk,"118 2nd Street 3rd Floor, San Francisco, CA 94105",37.7875935,-122.3996856,2012,https://www.noredink.com/,
Notable Labs,"665 3rd St, San Francisco, CA 94107",37.7795006,-122.393038,2014,https://www.notablelabs.com/,
Nova Credit,"2 Mint Plaza, San Francisco, CA 94103",37.783128,-122.4077633,2015,http://neednova.com/,
Nuna,"650 Townsend St Suite 425, San Francisco, CA 94103",37.7710325,-122.4033069,2010,https://www.nuna.com,
Oath (former Yahoo!),"110 5th Street Suite 200, San Francisco, CA 94123",37.7818878,-122.4061554,2017,https://www.oath.com,
Odopod,"391 Grove St, San Francisco, CA 94102",37.7777611,-122.4228607,2000,https://www.odopod.com/,
Okta,"301 Brannan St, San Francisco, CA 94107",37.781405,-122.3921786,2009,https://www.okta.com/,
OpenAI,"3180 18th St, San Francisco, CA 94110",37.7623832,-122.4147345,2015,https://www.openai.com/,
OpenDNS (Cisco),"444 Townsend St, San Francisco, CA 94107",37.7749699,-122.3985256,2005,http://www.opendns.com/,
Opendoor,"116 New Montgomery St #820, San Francisco, CA 94105",37.7870722,-122.4004509,2014,https://www.opendoor.com/,
Opentable,"1 Montgomery Street Suite 700, San Francisco, CA 94104",37.7894677,-122.4029353,1998,https://www.opentable.com,
Optimizely,"631 Howard St #100, San Francisco, CA 94105",37.7860291,-122.3985553,2009,https://www.optimizely.com/,
Orrick,,,,,,
PagerDuty,"600 Townsend St #200, San Francisco, CA 94103",37.771696,-122.4025698,2009,https://www.pagerduty.com/,
Panoply,"188 King St, San Francisco, CA 94107",37.7786357,-122.3918135,2015,https://panoply.io/,
Pantheon,"717 California St Floor 2, San Francisco, CA 94108",37.7922305,-122.4061408,2010,https://pantheon.io/,
Parsable,"425 2nd Street, San Francisco, CA 94107",37.7843118,-122.394425,2013,https://www.parsable.com,
Patagonia,"770 North Point St, San Francisco, CA 94109",37.8059972,-122.4199458,1974,http://www.patagonia.com/,
Periscope Data,"303 2nd St Building Ste 200, San Francisco, CA 94107",37.7852332,-122.3956934,2012,https://www.periscopedata.com/,
Pinterest,"651 Brannan St, San Francisco, CA 94107",37.7752344,-122.3996591,2009,https://www.pinterest.com/,
Pique Tea,"4083 24th Street #460610, San Francisco, CA 94114",37.7511026,-122.4335949,2014,https://www.piquetea.com/,
Plaid,"564 Market St, San Francisco, CA 94104",37.7896855,-122.4011369,2012,https://plaid.com/,
Planet,"346 9th Street, San Francisco, CA 94103",37.7730633,-122.4111851,2010,https://www.planet.com,
PlanGrid,"2111 Mission St #404, San Francisco, CA 94110",37.7630374,-122.419242,2011,https://www.plangrid.com,
Practice Fusion,"731 Market St #400, San Francisco, CA 94103",37.7866419,-122.4039973,2005,https://www.practicefusion.com,
Pramp,San Francisco,37.7749295,-122.4194155,2016,https://www.pramp.com/,
Prezi,"633 Folsom St, San Francisco, CA 9410",37.7845165,-122.3971939,2009,https://prezi.com/,
Product School,"415 Jackson Street Suite B, San Francisco, CA 94111",37.7963187,-122.4023469,2014,https://www.productschool.com/,
Prosperworks,"301 Howard St #600, San Francisco, CA 94105",37.7895269,-122.3942764,2011,https://www.prosperworks.com/,
"Proto.io, Inc","56 2nd street, San Francisco, CA 94105",37.78848,-122.4006668,2011,https://proto.io/,
Qadium,"85 2nd St, San Francisco, CA 94105",37.78844,-122.3998545,2012,https://qadium.com/,
Quantcast,"795 Folsom St, San Francisco, CA 94107",37.7821435,-122.4004926,2006,https://www.quantcast.com/,
Quid Inc," 600 Harrison St #400, San Francisco, CA 94107",37.7841256,-122.3958262,2010,https://quid.com/,
Quip,"731 Market St #200, San Francisco, CA 94103",37.7866419,-122.4039973,2012,https://quip.com/,
Radius,"225 Bush St Floor 12, San Francisco, CA 94104",37.790841,-122.4012802,2008,https://radius.com,
Rainmakers,"149 Natoma St, San Francisco, CA 94105",37.7860864,-122.4000167,2017,https://www.rainmakers.co/,
RaiseMe,"180 Capp St #5, San Francisco, CA 94110",37.7638686,-122.4190881,2012,https://www.raise.me,
RazorFrog,"540 Howard St, San Francisco, CA 94105",37.787956,-122.3972472,2008,https://razorfrog.com/,hello@razorfrog.com
ReadMe,"209 Kearny St #2, San Francisco, CA 94108",37.7900112,-122.4041154,2014,http://readme.io/,
Recurly,"400 Alabama St, San Francisco, CA 94110",37.7638145,-122.4126069,2009,https://recurly.com/,
Red Bridge Internet,"454 Ivy Street, San Francisco, CA 94102",37.777158,-122.4256964,2006,https://www.redbridgenet.com,info@redbridgenet.com
Reddit,"20 Taylor St, San Francisco, CA 94102",37.7825434,-122.410516,2005,https://www.reddit.com/,
Reflektive,"123 Townsend St, San Francisco, CA 94107",37.7798583,-122.3906654,2014,https://www.reflektive.com/,
Remind,"77 Stillman St, San Francisco, CA 94107",37.7820305,-122.3957134,2011,https://www.remind.com,
Remix,"1128 Howard St, San Francisco, CA 94103",37.7776161,-122.4103522,2014,https://www.remix.com/,
Rithm School,"3338 17th St #100, San Francisco, CA 94110",37.7635279,-122.4208004,2016,https://www.rithmschool.com/,
Rocket Lawyer,"182 Howard St #830, San Francisco, CA 94105",37.7910021,-122.3934093,2008,https://www.rocketlawyer.com/,
RocketSpace,"180 Sansome St, San Francisco, CA 94104",37.7918986,-122.400667,2011,https://www.rocketspace.com/,
Runway Incubator,"1355 Market St #488, San Francisco, CA 94103",37.7767687,-122.4166164,2013,http://www.runway.is/,
Salesforce,"50 Fremont St, San Francisco, CA 94105",37.7905027,-122.3972152,1999,https://www.salesforce.com/,
Salon Media Group,"22 4th St #11, San Francisco, CA 94103",37.7848142,-122.4056141,1995,https://www.salon.com/,
Samsara,"444 De Haro St #101, San Francisco, CA 94107",37.764616,-122.4018618,2015,https://www.samsara.com/,
Sano,"925 Harrison Street, San Francisco, CA 94107",37.7783869,-122.4022664,2011,https://sano.co/,
Sauce Labs,"539 Bryant St #303, San Francisco, CA 94107",37.7801462,-122.3967564,2008,https://saucelabs.com/,
Say Media,"180 Townsend St, San Francisco, CA 94107",37.7793735,-122.3926168,2005,https://www.saymedia.com/,
Scal.io,"12 Geary St Suite 601, San Francisco, CA 94108",37.7881087,-122.4037629,2011,https://scal.io/ ,
Scality,"555 California St Suite 3050, San Francisco, CA 94104",37.7920602,-122.403706,2009,http://www.scality.com/,
Scripted,"135 Stillman St, San Francisco, CA 94107",37.781005,-122.3970891,2011,https://www.scripted.com/,
Segment,"100 California St Suite 700, San Francisco, CA 94111",37.793949,-122.398062,2011,https://segment.com,
Sendwithus,"3252a 19th St, San Francisco, CA 94110",37.7605276,-122.4161682,2013,https://www.sendwithus.com/,
Sentry,"132 Hawthorne St, San Francisco, CA 94107",37.783991,-122.397363,2012,https://sentry.io,
Sephora,"525 Market St, San Francisco, CA 94105",37.7905035,-122.3990296,1998,https://www.sephora.com/,
Shipt ,"22 4th Street 10th Floor, San Francisco, CA 94103",37.7848142,-122.4056141,2014,https://www.shipt.com/,
Shogun,"527 Howard Street Floor 3, San Francisco, CA 94105",37.7878341,-122.396539,2016,http://www.shoguninc.com/,
Shopify,"33 New Montgomery St. Ste 750, San Francisco, CA 94105",37.7885853,-122.4012726,2004,https://www.shopify.com/,
Shyp,"44 Montgomery St Floor 22, San Francisco, CA 94104",37.7897312,-122.401906,2013,https://www.shyp.com/,
Sift Science,"123 Mission St #2000, San Francisco, CA 94105",37.7918328,-122.3944315,2011,https://siftscience.com,
Sight Machine,"300 Broadway #28, San Francisco, CA 94133",37.798597,-122.4025986,2012,http://sightmachine.com/,
Sindeo,"69 Green Street, San Francisco, CA 94111",37.800349,-122.4007582,2013,https://www.sindeo.com/,
Slack,"155 5th St, San Francisco, CA 94103",37.7823802,-122.4052253,2009,https://slack.com/,
Slalom Consulting,"201 Spear St #1550, San Francisco, CA 94105",37.791226,-122.3919665,2001,https://www.slalom.com/,
Slashdot Media,"594 Howard St, San Francisco, CA 94105",37.7870768,-122.3981888,1997,https://slashdotmedia.com/,
Smarking,"251 Rhode Island St. Suite 203, San Francisco, CA 94103",37.7667845,-122.4025894,2014,https://www.smarking.com/,
SmartBiz Loans,"417 Montgomery Street, San Francisco, CA 94104",37.7933978,-122.4032279,2013,https://www.smartbizloans.com/,
SoFi,"1 Letterman Dr #4700 Building A, San Francisco, CA 94129",37.8003215,-122.4499506,2011,https://www.sofi.com/,
Sonder,"292 Ivy St, San Francisco, CA 94103",37.7775067,-122.4227411,2012,https://www.sonder.com/,
Spark Program,"555 De Haro Street, Suite 330, San Francisco, CA 94107",37.7625707,-122.400835,2004,http://sparkprogram.org/,
Sparkcentral,"650 California St, San Francisco, CA 94108",37.7929116,-122.4052114,2011,https://www.sparkcentral.com/,support@sparkcentral.com
Splunk,"270 Brannan St, San Francisco, CA 94107",37.7831542,-122.3917753,2003,https://www.splunk.com/,
Spotify,"988 Market St, San Francisco, CA 94102",37.7827325,-122.4103063,2006,https://www.spotifyjobs.com/location/san-francisco/,
Spotinst,"600 California St, San Francisco, CA 94108",37.7929216,-122.4047371,2015,https://spotinst.com/,
Springboard,"25 Taylor St Suite 602, San Francisco, CA 94102",37.7825688,-122.4111482,2013,https://www.springboard.com/,
Square,"1455 Market St #600, San Francisco, CA 94103",37.7752315,-122.4175278,2009,https://squareup.com/,
Stamen Design,"2017 Mission St, San Francisco, CA 94103",37.7647661,-122.4196706,2001,https://stamen.com/,
Stich Labs,"489 Clementina St, San Francisco, CA 94103",37.7791728,-122.4057459,2011,https://www.stitchlabs.com/,
Stitch Fix,"1 Montgomery tower, San Francisco, CA 94104",37.789205,-122.4034422,2011,https://www.stitchfix.com,
Stratim,"489 Clementina Street Floor 2, San Francisco, CA 94103",37.7791728,-122.4057459,2014,https://www.stratim.com/,
Stripe,"185 Berry St #550, San Francisco, CA 94107",37.776503,-122.3920385,2010,https://stripe.com/,
StubHub,"199 Fremont St, San Francisco, CA 94105",37.7898733,-122.3947812,2000,https://www.stubhub.com/,
StumbleUpon ,"301 Brannan St, San Francisco, CA 94107",37.781405,-122.3921786,2001,http://corp.stumbleupon.com/,
Swift Navigation,"1543 Mission St, San Francisco, CA 94103",37.773495,-122.4177942,2012,https://www.swiftnav.com/,
Swiftly,"201 Spear St Suite 1600, San Francisco, CA 94105",37.791226,-122.3919665,2014,https://www.goswift.ly/,
Swrve,"55 Stockton St #400, San Francisco, CA 94108",37.786345,-122.4067089,2011,https://www.swrve.com/,
TaskRabbit,"425 2nd St, San Francisco, CA 94107",37.7843118,-122.394425,2008,https://www.taskrabbit.com/,
TechSoup,"435 Brannan St, San Francisco, CA 94107",37.7790603,-122.3948213,1987,http://www.techsoup.org/,
Teespring,"460 Bryant St #200, San Francisco, CA 94107",37.7822101,-122.3952986,2011,https://teespring.com/,
Tetra,San Francisco,37.7749295,-122.4194155,2017,https://asktetra.com,
Thirdlove,"350 Rhode Island St, San Francisco, CA 94103",37.7656671,-122.4031453,2013,https://www.thirdlove.com/,
ThousandEyes,"301 Howard St Suite 1700, San Francisco, CA 94105",37.7895269,-122.3942764,2010,https://www.thousandeyes.com/,
Thumbtack,"1355 Market St, San Francisco, CA 94103",37.7767687,-122.4166164,2009,https://www.thumbtack.com,
Thunder,"530 Bush Street, San Francisco, CA 94108",37.7908087,-122.4060763,2007,https://www.makethunder.com/,
Tilt,"370 Townsend St, San Francisco, CA 94107",37.7760672,-122.3968171,2012,https://www.tilt.com/,
Townsquared,"3180 17th St, San Francisco, CA 94110",37.7638249,-122.4168552,2013,https://townsquared.com/,
Traction,"1349 Larkin Street, San Francisco, CA 94109",37.790485,-122.4192551,2001,https://www.tractionco.com/,
Tradecraft,"150 Minna St, San Francisco, CA 94105",37.7867329,-122.4008674,2013,http://tradecraft.com/,
trendmedia,"1 Sutter Street Suite 201, San Francisco, CA 94104",37.790099,-122.4007507,2000,http://trendmedia.com/,web@trendmedia.com
Triplebyte,"188 King St, San Francisco, CA 94107",37.778621,-122.3918058,2015,https://triplebyte.com/,
Trulia,"535 Mission Street Suite 700, San Francisco, CA 94105",37.7888898,-122.3980914,2004,https://www.trulia.com/,
Turo,"667 Mission St, San Francisco, CA 94105",37.7867844,-122.4012794,2009,https://turo.com/,
TwentyThree,"655 4th Street, San Francisco, CA 94107",37.7777394,-122.3954409,2006,https://www.twentythree.net/,
Twilio,"375 Beale St, San Francisco, CA 94105",37.7880121,-122.3915205,2008,https://www.twilio.com/,
Uber,"1455 Market St #400, San Francisco, CA 94103",37.7752315,-122.4175278,2009,https://www.uber.com/,
Upgrade,"425 California Street, San Francisco, CA 94104",37.7927976,-122.401375,2016,http://www.upgrade.com/,
Upsight,"501 Folsom St, San Francisco, CA 94105",37.7869805,-122.3944602,2007,http://www.upsight.com/,
Urban Airship,"642 Harrison St, San Francisco, CA 94107",37.7837966,-122.3965071,2009,https://www.urbanairship.com/,
UrbanSitter,San Francisco,37.7749295,-122.4194155,2010,https://www.urbansitter.com/,
User Testing Inc.,"690 5th St, San Francisco, CA 94107",37.7753293,-122.3976532,2007,https://www.usertesting.com/,
ValiMail,"180 Montgomery Street 18th Floor, San Francisco, CA 94104",37.7907733,-122.401906,2015,https://www.valimail.com/,
Vero,"548 Market St, San Francisco, CA 94104",37.7900465,-122.4008744,2012,https://www.getvero.com/,
Viglink,"505 Sansome St Suite 1450, San Francisco, CA 94111",37.7950775,-122.4018261,2009,http://www.viglink.com/,
VigLink,"505 Sansome St #1450, San Francisco, CA 94111",37.7950775,-122.4018261,2009,https://www.viglink.com/,
Vineti,"633 Howard St, San Francisco, CA 94105",37.7859281,-122.398847,2017,https://vineti.com/,
Vitagene,"415 Brannan St, San Francisco, CA 94107",37.7796035,-122.3945361,2014,https://vitagene.com/,
Voiceops,"483 Bryant St, San Francisco, CA 94107",37.7815071,-122.3952279,2016,https://voiceops.com/,
Voxbone,"535 Mission St, San Francisco, CA 94105",37.788866,-122.39821,2005,https://www.voxbone.com/,
Vungle,"185 Clara St #100, San Francisco, CA 94107",37.7797314,-122.4017984,2011,https://vungle.com/,
Wake,"1939 Market St, San Francisco, CA 94103",37.7699896,-122.4253514,2013,https://wake.com,
Wanelo,"375 Alabama St #400, San Francisco, CA 94110",37.7645638,-122.4118899,2011,https://wanelo.com/,
Watsi,"2132 Folsom St #2, San Francisco, CA 94110",37.7631598,-122.4155185,2011,https://watsi.org/,
Webflow,"208 Utah St #210, San Francisco, CA 94103",37.7669057,-122.4068881,2012,https://webflow.com,
Weebly,"460 Bryant St, San Francisco, CA 94107",37.7822101,-122.3952986,2006,https://www.weebly.com/,
Wikia,"360 3rd St #750, San Francisco, CA 94107",37.7827069,-122.398354,2004,http://www.wikia.com/fandom,
Wish,San Francisco,37.7749295,-122.4194155,2010,https://www.wish.com/,
Wizeline,"456 Montgomery St #2200, San Francisco, CA 94104",37.7934575,-122.4027705,2013,https://www.wizeline.com/,
Woebot Labs,"650 5th St suite 303, San Francisco, CA 94107",37.775591,-122.3980118,2017,https://woebot.io/,
Womply,"135 Townsend St #300, San Francisco, CA 94107",37.7798265,-122.3910251,2011,http://www.womply.com/,
Wonderschool,San Francisco,37.7749295,-122.4194155,2016,https://www.wonderschool.com/,
Wonderware,"55 Francisco St #310, San Francisco, CA 94133",37.8054678,-122.4064022,1987,https://www.wonderware.com/,
Xero,"101 Green Street, 5th Floor, San Francisco, CA 94111",37.8001545,-122.401883,2006,https://www.xero.com/us/,
Yammer,"1355 Market St, San Francisco, CA 94103",37.7767687,-122.4166164,2008,https://www.yammer.com/,
Yelp,"140 New Montgomery St, San Francisco, CA 94105 ",37.7866619,-122.3999719,2004,https://www.yelpblog.com/,
Zedo,"850 Montgomery St, San Francisco, CA 94133",37.7971573,-122.4034061,1999,https://www.zedo.com,
Zendesk,"1019 Market St, San Francisco, CA 94103",37.7815796,-122.4104437,2007,https://www.zendesk.com/,
Zendrive,"495 3rd Street, San Francisco, CA 94107",37.7816148,-122.3959019,2013,https://www.zendrive.com/,
ZenProspect,"599 2nd St, San Francisco, CA 94107",37.782263,-122.392143,2015,https://www.zenprospect.com/,
Zenput,"454 Natoma St, San Francisco, CA 94103",37.781002,-122.406912,2012,https://www.zenput.com/,
Zenreach,"1 Letterman Dr Building C3500, San Francisco, CA 94129",37.8003215,-122.4499506,2012,https://www.zenreach.com/,
ZeroCater,"115 Stillman St, San Francisco, CA 94107",37.7812893,-122.3966824,2009,https://zerocater.com/,
Zignal Labs,"995 Market St, San Francisco, CA 94103",37.7821874,-122.4099073,2011,http://zignallabs.com/,
Zinc,"55 New Montgomery St Suite #888, San Francisco, CA 94105",37.7882423,-122.4010512,2016,https://www.zinc.it/,
Zozi,"1 Beach St #300, San Francisco, CA 94133",37.8077574,-122.4095987,2008,https://www.zozi.com/,
Zumper,"49 Geary St #350, San Francisco, CA 94108",37.787698,-122.4042883,2012,https://www.zumper.com/,
Zynga,"699 8th St, San Francisco, CA 94103",37.7704448,-122.4041406,2007,https://www.zynga.com/,